productphotoid,thumbnailphoto,thumbnailphotofilename,largephoto,largephotofilename,modifieddate
1,<memory at 0x7faf81157580>,no_image_available_small.gif,<memory at 0x7faf81310b80>,no_image_available_large.gif,2008-04-30 00:00:00
69,<memory at 0x7faf8243d400>,racer02_black_f_small.gif,<memory at 0x7faf810ded00>,racer02_black_f_large.gif,2008-04-30 00:00:00
70,<memory at 0x7faf810de700>,racer02_black_small.gif,<memory at 0x7faf810deb80>,racer02_black_large.gif,2012-10-19 09:56:38.273000
72,<memory at 0x7faf810de940>,racer02_blue_f_small.gif,<memory at 0x7faf810dee80>,racer02_blue_f_large.gif,2012-10-19 09:56:38.273000
73,<memory at 0x7faf810dea00>,racer02_blue_small.gif,<memory at 0x7faf810deac0>,racer02_blue_large.gif,2012-10-19 09:56:38.273000
76,<memory at 0x7faf810dec40>,racer02_green_f_small.gif,<memory at 0x7faf810dedc0>,racer02_green_f_large.gif,2012-10-19 09:56:38.273000
77,<memory at 0x7faf80686040>,racer02_green_small.gif,<memory at 0x7faf80686100>,racer02_green_large.gif,2012-10-19 09:56:38.273000
78,<memory at 0x7faf806861c0>,hotrodbike_black_small.gif,<memory at 0x7faf80686280>,hotrodbike_black_large.gif,2012-04-30 00:00:00
79,<memory at 0x7faf80686340>,hotrodbike_blue_small.gif,<memory at 0x7faf80686400>,hotrodbike_blue_large.gif,2012-10-19 09:56:38.273000
80,<memory at 0x7faf806864c0>,hotrodbike_f_small.gif,<memory at 0x7faf80686580>,hotrodbike_f_large.gif,2013-04-30 00:00:00
81,<memory at 0x7faf80686640>,hotrodbike_f_silver_small.gif,<memory at 0x7faf80686700>,hotrodbike_f_silver_large.gif,2013-04-30 00:00:00
82,<memory at 0x7faf806867c0>,hotrodbike_small.gif,<memory at 0x7faf80686880>,hotrodbike_large.gif,2013-04-30 00:00:00
83,<memory at 0x7faf80686940>,hotrodbike_red_small.gif,<memory at 0x7faf80686a00>,hotrodbike_red_large.gif,2012-10-19 09:56:38.273000
84,<memory at 0x7faf80686ac0>,hotrodbike_silver_small.gif,<memory at 0x7faf80686b80>,hotrodbike_silver_large.gif,2012-04-30 00:00:00
85,<memory at 0x7faf80686c40>,hotrodbike_yellow_small.gif,<memory at 0x7faf80686d00>,hotrodbike_yellow_large.gif,2012-10-19 09:56:38.273000
86,<memory at 0x7faf80686dc0>,julianax_r_02_black_small.gif,<memory at 0x7faf80686e80>,julianax_r_02_black_large.gif,2012-10-19 09:56:38.273000
87,<memory at 0x7faf80686f40>,julianax_r_02_blue_small.gif,<memory at 0x7faf80694040>,julianax_r_02_blue_large.gif,2012-10-19 09:56:38.273000
88,<memory at 0x7faf80694100>,julianax_r_02_f_black_small.gif,<memory at 0x7faf806941c0>,julianax_r_02_f_black_large.gif,2012-10-19 09:56:38.273000
89,<memory at 0x7faf80694280>,julianax_r_02_f_blue_small.gif,<memory at 0x7faf80694340>,julianax_r_02_f_blue_large.gif,2012-10-19 09:56:38.273000
90,<memory at 0x7faf80694400>,julianax_r_02_f_gold_small.gif,<memory at 0x7faf806944c0>,julianax_r_02_f_gold_large.gif,2012-10-19 09:56:38.273000
91,<memory at 0x7faf80694580>,julianax_r_02_f_green_small.gif,<memory at 0x7faf80694640>,julianax_r_02_f_green_large.gif,2012-10-19 09:56:38.273000
93,<memory at 0x7faf80694700>,julianax_r_02_f_red_small.gif,<memory at 0x7faf806947c0>,julianax_r_02_f_red_large.gif,2012-10-19 09:56:38.273000
94,<memory at 0x7faf80694880>,julianax_r_02_gold_small.gif,<memory at 0x7faf80694940>,julianax_r_02_gold_large.gif,2012-10-19 09:56:38.273000
95,<memory at 0x7faf80694a00>,julianax_r_02_green_small.gif,<memory at 0x7faf80694ac0>,julianax_r_02_green_large.gif,2012-10-19 09:56:38.273000
97,<memory at 0x7faf80694b80>,julianax_r_02_red_small.gif,<memory at 0x7faf80694c40>,julianax_r_02_red_large.gif,2012-10-19 09:56:38.273000
98,<memory at 0x7faf80694d00>,julianax_r_02_silver_small.gif,<memory at 0x7faf80694dc0>,julianax_r_02_silver_large.gif,2012-10-19 09:56:38.273000
99,<memory at 0x7faf80694e80>,julianax_r_02_yellow_small.gif,<memory at 0x7faf80694f40>,julianax_r_02_yellow_large.gif,2012-10-19 09:56:38.273000
100,<memory at 0x7faf8069e040>,racer02_red_small.gif,<memory at 0x7faf8069e100>,racer02_red_large.gif,2012-10-19 09:56:38.273000
102,<memory at 0x7faf8069e1c0>,roadster_black_small.gif,<memory at 0x7faf8069e280>,roadster_black_large.gif,2012-10-19 09:56:38.273000
103,<memory at 0x7faf8069e340>,roadster_blue_small.gif,<memory at 0x7faf8069e400>,roadster_blue_large.gif,2012-10-19 09:56:38.273000
105,<memory at 0x7faf8069e4c0>,roadster_green_f_small.gif,<memory at 0x7faf8069e580>,roadster_green_f_large.gif,2012-10-19 09:56:38.273000
106,<memory at 0x7faf8069e640>,roadster_green_small.gif,<memory at 0x7faf8069e700>,roadster_green_large.gif,2012-10-19 09:56:38.273000
107,<memory at 0x7faf8069e7c0>,roadster_small.gif,<memory at 0x7faf8069e880>,roadster_large.gif,2012-10-19 09:56:38.273000
108,<memory at 0x7faf8069e940>,roadster_purple_f_small.gif,<memory at 0x7faf8069ea00>,roadster_purple_f_large.gif,2012-10-19 09:56:38.273000
109,<memory at 0x7faf8069eac0>,roadster_purple_small.gif,<memory at 0x7faf8069eb80>,roadster_purple_large.gif,2012-10-19 09:56:38.273000
110,<memory at 0x7faf8069ec40>,roadster_red_f_small.gif,<memory at 0x7faf8069ed00>,roadster_red_f_large.gif,2012-10-19 09:56:38.273000
111,<memory at 0x7faf8069edc0>,roadster_red_small.gif,<memory at 0x7faf8069ee80>,roadster_red_large.gif,2011-05-01 00:00:00
112,<memory at 0x7faf8069ef40>,roadster_silver_small.gif,<memory at 0x7faf806b1040>,roadster_silver_large.gif,2012-10-19 09:56:38.273000
113,<memory at 0x7faf806b1100>,roadster_yellow_f_small.gif,<memory at 0x7faf806b11c0>,roadster_yellow_f_large.gif,2013-04-30 00:00:00
114,<memory at 0x7faf806b1280>,roadster_yellow_small.gif,<memory at 0x7faf806b1340>,roadster_yellow_large.gif,2012-10-19 09:56:38.273000
115,<memory at 0x7faf806b1400>,racer02_silver_small.gif,<memory at 0x7faf806b14c0>,racer02_silver_large.gif,2012-10-19 09:56:38.273000
117,<memory at 0x7faf806b1580>,superlight_black_f_small.gif,<memory at 0x7faf806b1640>,superlight_black_f_large.gif,2012-10-19 09:56:38.273000
118,<memory at 0x7faf806b1700>,superlight_black_small.gif,<memory at 0x7faf806b17c0>,superlight_black_large.gif,2011-05-01 00:00:00
119,<memory at 0x7faf806b1880>,superlight_blue_f_small.gif,<memory at 0x7faf806b1940>,superlight_blue_f_large.gif,2011-05-01 00:00:00
120,<memory at 0x7faf806b1a00>,superlight_blue_small.gif,<memory at 0x7faf806b1ac0>,superlight_blue_large.gif,2012-10-19 09:56:38.273000
123,<memory at 0x7faf806b1b80>,superlight_metalicgreen_f_small.gif,<memory at 0x7faf806b1c40>,superlight_metalicgreen_f_large.gif,2012-10-19 09:56:38.273000
124,<memory at 0x7faf806b1d00>,superlight_metalicgreen_small.gif,<memory at 0x7faf806b1dc0>,superlight_metalicgreen_large.gif,2012-10-19 09:56:38.273000
125,<memory at 0x7faf806b1e80>,superlight_red_f_small.gif,<memory at 0x7faf806b1f40>,superlight_red_f_large.gif,2012-10-19 09:56:38.273000
126,<memory at 0x7faf80617040>,superlight_red_small.gif,<memory at 0x7faf80617100>,superlight_red_large.gif,2011-05-01 00:00:00
127,<memory at 0x7faf806171c0>,superlight_silver_f_small.gif,<memory at 0x7faf80617280>,superlight_silver_f_large.gif,2011-05-01 00:00:00
128,<memory at 0x7faf80617340>,superlight_silver_small.gif,<memory at 0x7faf80617400>,superlight_silver_large.gif,2011-05-01 00:00:00
129,<memory at 0x7faf806174c0>,superlight_yellow_f_small.gif,<memory at 0x7faf80617580>,superlight_yellow_f_large.gif,2011-05-01 00:00:00
130,<memory at 0x7faf80617640>,superlight_yellow_small.gif,<memory at 0x7faf80617700>,superlight_yellow_large.gif,2012-10-19 09:56:38.273000
131,<memory at 0x7faf806177c0>,racer02_yellow_f_small.gif,<memory at 0x7faf80617880>,racer02_yellow_f_large.gif,2012-04-30 00:00:00
133,<memory at 0x7faf80617940>,chain_small.gif,<memory at 0x7faf80617a00>,chain_large.gif,2012-04-30 00:00:00
134,<memory at 0x7faf80617ac0>,chain_lube_small.gif,<memory at 0x7faf80617b80>,chain_lube_large.gif,2012-04-30 00:00:00
135,<memory at 0x7faf80617c40>,clipless_pedals_small.gif,<memory at 0x7faf80617d00>,clipless_pedals_large.gif,2013-04-30 00:00:00
136,<memory at 0x7faf80617dc0>,co2_4tire_small.gif,<memory at 0x7faf80617e80>,co2_4tire_large.gif,2013-04-30 00:00:00
137,<memory at 0x7faf80617f40>,double_headlight_small.gif,<memory at 0x7faf80608040>,double_headlight_large.gif,2012-04-30 00:00:00
138,<memory at 0x7faf80608100>,fork_small.gif,<memory at 0x7faf806081c0>,fork_large.gif,2012-04-30 00:00:00
139,<memory at 0x7faf80608280>,frame_black_small.gif,<memory at 0x7faf80608340>,frame_black_large.gif,2011-05-01 00:00:00
140,<memory at 0x7faf80608400>,frame_blue_small.gif,<memory at 0x7faf806084c0>,frame_blue_large.gif,2012-10-19 09:56:38.273000
141,<memory at 0x7faf80608580>,frame_small.gif,<memory at 0x7faf80608640>,frame_large.gif,2012-10-19 09:56:38.273000
142,<memory at 0x7faf80608700>,frame_red_small.gif,<memory at 0x7faf806087c0>,frame_red_large.gif,2012-10-19 09:56:38.273000
143,<memory at 0x7faf80608880>,frame_silver_small.gif,<memory at 0x7faf80608940>,frame_silver_large.gif,2011-05-01 00:00:00
144,<memory at 0x7faf80608a00>,frame_yellow_small.gif,<memory at 0x7faf80608ac0>,frame_yellow_large.gif,2012-10-19 09:56:38.273000
145,<memory at 0x7faf80608b80>,handlebar_small.gif,<memory at 0x7faf80608c40>,handlebar_large.gif,2012-04-30 00:00:00
146,<memory at 0x7faf80608d00>,mb_tires_small.gif,<memory at 0x7faf80608dc0>,mb_tires_large.gif,2013-04-30 00:00:00
147,<memory at 0x7faf80608e80>,pedal_small.gif,<memory at 0x7faf80608f40>,pedal_large.gif,2013-04-30 00:00:00
149,<memory at 0x7faf8063a040>,saddle_small.gif,<memory at 0x7faf8063a100>,saddle_large.gif,2013-04-30 00:00:00
150,<memory at 0x7faf8063a1c0>,silver_chain_small.gif,<memory at 0x7faf8063a280>,silver_chain_large.gif,2013-04-30 00:00:00
151,<memory at 0x7faf8063a340>,silver_pedal_small.gif,<memory at 0x7faf8063a400>,silver_pedal_large.gif,2013-04-30 00:00:00
152,<memory at 0x7faf8063a4c0>,silver_sprocket_small.gif,<memory at 0x7faf8063a580>,silver_sprocket_large.gif,2013-04-30 00:00:00
153,<memory at 0x7faf8063a640>,single_headlight_small.gif,<memory at 0x7faf8063a700>,single_headlight_large.gif,2012-04-30 00:00:00
154,<memory at 0x7faf8063a7c0>,sprocket_small.gif,<memory at 0x7faf8063a880>,sprocket_large.gif,2013-04-30 00:00:00
155,<memory at 0x7faf8063a940>,street_tires_small.gif,<memory at 0x7faf8063aa00>,street_tires_large.gif,2013-04-30 00:00:00
156,<memory at 0x7faf8063aac0>,tail_lights_small.gif,<memory at 0x7faf8063ab80>,tail_lights_large.gif,2012-04-30 00:00:00
157,<memory at 0x7faf8063ac40>,tirepatch_kit_small.gif,<memory at 0x7faf8063ad00>,tirepatch_kit_large.gif,2013-04-30 00:00:00
158,<memory at 0x7faf8063adc0>,water_bottle_cage_small.gif,<memory at 0x7faf8063ae80>,water_bottle_cage_large.gif,2013-04-30 00:00:00
159,<memory at 0x7faf8063af40>,water_bottle_small.gif,<memory at 0x7faf8061c040>,water_bottle_large.gif,2013-04-30 00:00:00
160,<memory at 0x7faf8061c100>,wheel_small.gif,<memory at 0x7faf8061c1c0>,wheel_large.gif,2008-03-31 00:00:00
161,<memory at 0x7faf8061c280>,awc_jersey_female_small.gif,<memory at 0x7faf8061c340>,awc_jersey_female_large.gif,2008-03-31 00:00:00
162,<memory at 0x7faf8061c400>,awc_jersey_male_small.gif,<memory at 0x7faf8061c4c0>,awc_jersey_male_large.gif,2011-05-01 00:00:00
163,<memory at 0x7faf8061c580>,awc_tee_female_small.gif,<memory at 0x7faf8061c640>,awc_tee_female_large.gif,2011-05-01 00:00:00
164,<memory at 0x7faf8061c700>,awc_tee_male_small.gif,<memory at 0x7faf8061c7c0>,awc_tee_male_large.gif,2011-05-01 00:00:00
165,<memory at 0x7faf8061c880>,awc_tee_male_yellow_small.gif,<memory at 0x7faf8061c940>,awc_tee_male_yellow_large.gif,2013-04-30 00:00:00
166,<memory at 0x7faf8061ca00>,bikepump_small.gif,<memory at 0x7faf8061cac0>,bikepump_large.gif,2012-04-30 00:00:00
167,<memory at 0x7faf8061cb80>,bike_lock_small.gif,<memory at 0x7faf8061cc40>,bike_lock_large.gif,2012-04-30 00:00:00
168,<memory at 0x7faf8061cd00>,bike_shoes_small.gif,<memory at 0x7faf8061cdc0>,bike_shoes_large.gif,2012-04-30 00:00:00
169,<memory at 0x7faf8061ce80>,bike_shorts_female_small.gif,<memory at 0x7faf8061cf40>,bike_shorts_female_large.gif,2012-04-30 00:00:00
170,<memory at 0x7faf80626040>,bike_shorts_male_small.gif,<memory at 0x7faf80626100>,bike_shorts_male_large.gif,2012-04-30 00:00:00
172,<memory at 0x7faf806261c0>,handpump_small.gif,<memory at 0x7faf80626280>,handpump_large.gif,2012-04-30 00:00:00
173,<memory at 0x7faf80626340>,innertube_small.gif,<memory at 0x7faf80626400>,innertube_large.gif,2013-04-30 00:00:00
174,<memory at 0x7faf806264c0>,mb_shoes_small.gif,<memory at 0x7faf80626580>,mb_shoes_large.gif,2013-04-30 00:00:00
175,<memory at 0x7faf80626640>,shorts_female_small.gif,<memory at 0x7faf80626700>,shorts_female_large.gif,2013-04-30 00:00:00
176,<memory at 0x7faf806267c0>,shorts_male_small.gif,<memory at 0x7faf80626880>,shorts_male_large.gif,2012-04-30 00:00:00
177,<memory at 0x7faf80626940>,racer_black_small.gif,<memory at 0x7faf80626a00>,racer_black_large.gif,2012-04-30 00:00:00
178,<memory at 0x7faf80626ac0>,racer_blue_small.gif,<memory at 0x7faf80626b80>,racer_blue_large.gif,2012-10-19 09:56:38.273000
179,<memory at 0x7faf80626c40>,racer_red_small.gif,<memory at 0x7faf80626d00>,racer_red_large.gif,2012-04-30 00:00:00
180,<memory at 0x7faf80626dc0>,racer_silver_small.gif,<memory at 0x7faf80626e80>,racer_silver_large.gif,2012-10-19 09:56:38.273000
181,<memory at 0x7faf80626f40>,racer_yellow_small.gif,<memory at 0x7faf80ee3040>,racer_yellow_large.gif,2012-10-19 09:56:38.273000
